lang,accuracy,agreement_with_en,same_mistake_ratio,samples
bn,0.68,0.74,0.42857142857142855,50
id,0.64,0.76,0.5333333333333333,50
ar,0.62,0.72,0.4666666666666667,50
sw,0.56,0.68,0.5333333333333333,50
vi,0.72,0.78,0.5384615384615384,50
es,0.68,0.78,0.4666666666666667,50
fr,0.7,0.78,0.6153846153846154,50
en,0.66,1.0,0.0,50
ko,0.64,0.76,0.6428571428571429,50
ta,0.52,0.58,0.3333333333333333,50
zh,0.6,0.7,0.4666666666666667,50
te,0.6,0.7,0.375,50
